{
    "total_runtime": 1.5813837051391602,
    "num_documents": 45,
    "input_load_time": 0,
    "workflows": {
        "create_base_text_units": {
            "overall": 1.376218557357788,
            "0_orderby": 0.015980243682861328,
            "1_zip": 0.015517473220825195,
            "2_aggregate_override": 0.015726804733276367,
            "3_chunk": 0.9141125679016113,
            "4_select": 0.01527094841003418,
            "5_unroll": 0.015975236892700195,
            "6_rename": 0.03124094009399414,
            "7_genid": 0.11633825302124023,
            "8_unzip": 0.047510623931884766,
            "9_copy": 0.01562047004699707,
            "10_filter": 0.15704846382141113
        }
    }
}