{
    "total_runtime": 1.6922645568847656,
    "num_documents": 45,
    "input_load_time": 0,
    "workflows": {
        "create_base_text_units": {
            "overall": 1.4858665466308594,
            "0_orderby": 0.01657390594482422,
            "1_zip": 0.0312497615814209,
            "2_aggregate_override": 0.015974044799804688,
            "3_chunk": 1.0314877033233643,
            "4_select": 0.0,
            "5_unroll": 0.03244280815124512,
            "6_rename": 0.03125286102294922,
            "7_genid": 0.10283756256103516,
            "8_unzip": 0.015973567962646484,
            "9_copy": 0.014827966690063477,
            "10_filter": 0.1770172119140625
        }
    }
}